id,address,privateKey,isAccredited,investorClass,currentBalance,expiry1,merkleLeaf1,proof1
0,0x8a2e5107BD7dFba011e81c7ea19f639052E78226,0x92cef114d49feede03ff941c8effee821ce7a4e91c4cb730ebf7b3e7677711ba,false,1,10000000000000000,1795284358,0x6ed75e02893b65daef023da941a59e2931b3e4c09ca39cb773c3cac7b4ac98e1,"[""0x59c9820f8907407e5f9c1843fcdfcd94299eb200c234a2934bf6603bdbfd1e8c"",""0xbcbbee3fd44fcc9a7c7bca54dd4d76027deeb50adaf67b0e94a50a7bdfd63f59"",""0xdef42537ea8fdfe4dfd58044452a500264631060de48792843821aad4bf3162b""]"
1,0xfFa4D228419126B6897beB91b1cad2e350247Ab4,0xb625fa7a5c4c24eae965d9cfbf4fa3a95f63a000e12a8c61386cbe36a6bc735b,false,1,10000000000000000,1795284358,0x4be7bfeddff0b3abd0c66bfaed5bb1b45da8e3c3e9aee061b387f63fda9cce40,"[""0x4ea9232be7e935d01fc93ae8f864a9a42390ef3fadc1ad9598f980cc793c7be2"",""0xf956ba1908bad8de13f620dc13bb1b76d6a4edf1b39ddd8443d099d6f2f055fd"",""0xeedb821d6669285fc1c4757c23cedc9dce602a9260b2a0ce68f3d3834fd4ad89"",""0x0b5706f707713652e655f7ec025e25315c24805623cb7d0f373dd54a868ee28a""]"
2,0x31aAb81e541c674cF576fe69bbD504A0184d819C,0xc982eea2fea8c4e87c28d3a03435e28b4054dd01a720cbc34f443611056d0e00,true,1,10000000000000000,1795284358,0x1cc625a303d7208224edf0e64d085f68c0b83c34c10a024da99618aceb46cb16,"[""0x3f5415b314985d7bf0317b7fd542e713cdefc17b500ee9cdc4f85bc09cf2bc5e"",""0xfc48b8dbd13af187513db48473739ada05806bc8b335b8c1a2c9d1fe5af62332"",""0xeedb821d6669285fc1c4757c23cedc9dce602a9260b2a0ce68f3d3834fd4ad89"",""0x0b5706f707713652e655f7ec025e25315c24805623cb7d0f373dd54a868ee28a""]"
3,0x3cc3888Cc604C8855033D0D49898444E6Be78D0a,0x6f6d6249b2670b331a7301fa246af6fb3cedffb6a09b1b28e5e7e2dd23c3a26e,false,0,10000000000000000,1795284358,0x80a431f1db59bbbd9b875b152aaa5b7ed1da26331ca565d6cb4b09aef4eead52,"[""0x807368cfb4f3c5b9b2f21062fce14322cde2de789598e97a69eb4a801cd86dcd"",""0xea51bdddd3c5f4380e8ab0c5293730376176f49b42fa7a0b0077b1d944713fad"",""0xdef42537ea8fdfe4dfd58044452a500264631060de48792843821aad4bf3162b""]"
4,0xcfD37F941391C53A09EbD9E876b69baf9C21519f,0x52bf85b4c2877e596b2ba089632e8a36c25556ee367016853d1d7a02247e4ea0,true,1,10000000000000000,1795284358,0x3f5415b314985d7bf0317b7fd542e713cdefc17b500ee9cdc4f85bc09cf2bc5e,"[""0x1cc625a303d7208224edf0e64d085f68c0b83c34c10a024da99618aceb46cb16"",""0xfc48b8dbd13af187513db48473739ada05806bc8b335b8c1a2c9d1fe5af62332"",""0xeedb821d6669285fc1c4757c23cedc9dce602a9260b2a0ce68f3d3834fd4ad89"",""0x0b5706f707713652e655f7ec025e25315c24805623cb7d0f373dd54a868ee28a""]"
5,0x058E532588C944aC3530564E18056621452ed3bd,0x7ade632bf0762c74b90995f07595b3a30310e4e499723729be0d801d8eebdd08,true,1,10000000000000000,1795284358,0x807368cfb4f3c5b9b2f21062fce14322cde2de789598e97a69eb4a801cd86dcd,"[""0x80a431f1db59bbbd9b875b152aaa5b7ed1da26331ca565d6cb4b09aef4eead52"",""0xea51bdddd3c5f4380e8ab0c5293730376176f49b42fa7a0b0077b1d944713fad"",""0xdef42537ea8fdfe4dfd58044452a500264631060de48792843821aad4bf3162b""]"
6,0x9A781C5D840C18A584aEA0D65EacC42a9dA07388,0x69a09bc723579fa69345d7c6293cac0a811d97774220b182059c3915233c4beb,false,1,10000000000000000,1795284358,0x59c9820f8907407e5f9c1843fcdfcd94299eb200c234a2934bf6603bdbfd1e8c,"[""0x6ed75e02893b65daef023da941a59e2931b3e4c09ca39cb773c3cac7b4ac98e1"",""0xbcbbee3fd44fcc9a7c7bca54dd4d76027deeb50adaf67b0e94a50a7bdfd63f59"",""0xdef42537ea8fdfe4dfd58044452a500264631060de48792843821aad4bf3162b""]"
7,0x8a7878aeC6dE91E35861229432F9Ac262cd78610,0xcddc7560254a04e9764b5c94cc24d031e9faa98ea94be10275241ef2136fbc64,true,1,10000000000000000,1795284358,0x4ea9232be7e935d01fc93ae8f864a9a42390ef3fadc1ad9598f980cc793c7be2,"[""0x4be7bfeddff0b3abd0c66bfaed5bb1b45da8e3c3e9aee061b387f63fda9cce40"",""0xf956ba1908bad8de13f620dc13bb1b76d6a4edf1b39ddd8443d099d6f2f055fd"",""0xeedb821d6669285fc1c4757c23cedc9dce602a9260b2a0ce68f3d3834fd4ad89"",""0x0b5706f707713652e655f7ec025e25315c24805623cb7d0f373dd54a868ee28a""]"
8,0x277b8f8d61258a76B269111E35D5bD8be0C8006b,0xbf2973c3407be121de4c5f6fab4b251eb0c441dceafdc786db27884bf86aeb0d,true,0,10000000000000000,1795284358,0xc7c78d7707e06ffe0172adea0177c77ea36863cb8608bb9491de107e6a57df05,"[""0x9ee535b2ab1ed7f390f8d531cdd8b075309a2071e1381dcf2591fcc579ca1c19"",""0x096a9700ad3dca5fc5ddffbb8a3982a3486d2023234e8074a154a6e4acd76444"",""0x0b5706f707713652e655f7ec025e25315c24805623cb7d0f373dd54a868ee28a""]"
9,0x9685d9C7129D1e9fe1850A7f45dC4C609827F25e,0x6669e9bfab043b7989e0b4bc28d333994772464b9b1371cdb483b7bc4403636a,false,0,10000000000000000,1795284358,0x9ee535b2ab1ed7f390f8d531cdd8b075309a2071e1381dcf2591fcc579ca1c19,"[""0xc7c78d7707e06ffe0172adea0177c77ea36863cb8608bb9491de107e6a57df05"",""0x096a9700ad3dca5fc5ddffbb8a3982a3486d2023234e8074a154a6e4acd76444"",""0x0b5706f707713652e655f7ec025e25315c24805623cb7d0f373dd54a868ee28a""]"
0,0xf51273084c3F443B16DDeE9Ec32bB75883554D7f,0x65968dd05f540b0493c708e5d09d5a95396e7773918a98c951007107bc7384fe,false,0,10000000000000000,1795284358,0x80618c5a37c93293d5f050827c0868a5c9bed6c503fe6d45ebbc154208026ac9,"[""0x7e7ccb40780c6e9b789362da7a7a6b2e15898ff229749a1a7485dbba7ad37f05"",""0xb8e7c058fdd277c062aeb019e19a0996c8e180d80e94b479fe3eafd7fc0203e9"",""0xb54a2e39003efbfbca0eed23b68fba1400b9b8112b16f242b1c65014e3e20865"",""0xacef5c2942c27b2bf636bcecc54f4d3a31e8c943850d6ad420d5f43bb6f6e8d7""]"
1,0xD2e1C2Fb0D1E8471ea11D52981e537FFf7217649,0xd7bc796985ab3e1d74a3ce7e5674cc624f8689b76a564820861af7b27dcfa80c,false,1,10000000000000000,1795284358,0xfd15155b4084138362911431543bc922aa7c7cbcbf91bdc7356575e4afabad01,"[""0xf368d5a0abad5c70a9b4067747f97b8d4ec08382088468ab98bab88f4f9e92d2"",""0x1fc045c549774ab7c937facaa2dad02449cbde318e86650bc3c8934eec2fcbf9"",""0xacef5c2942c27b2bf636bcecc54f4d3a31e8c943850d6ad420d5f43bb6f6e8d7""]"
2,0x9539CE98043a732Abb042f7caA44948C48200e9b,0xf29ee00ba93d94d2c1a7b4d7a2571c930238ed6ca5a9c4d2c28972f7dbb8a0d8,true,0,10000000000000000,1795284358,0x33f41a66bffaa153de0f7b6a6d869a268ed2ad4cfe1ea44ca4584ba73475d834,"[""0x47527dd569ce8753d416e4d5190e79027e883b8e1adb7658c9c601aa628bc6d2"",""0xd36df055406cf3f1262736664a72f4b73ec485b5654c03349b697d178149312e"",""0xb54a2e39003efbfbca0eed23b68fba1400b9b8112b16f242b1c65014e3e20865"",""0xacef5c2942c27b2bf636bcecc54f4d3a31e8c943850d6ad420d5f43bb6f6e8d7""]"
3,0x4D23d8dea84F5Fa8A97eaBDE3b4261054C118028,0x2977d9601a1cb630a0dff5a069fbe90a2adca5186022c93fd2e73eaba102249b,true,1,10000000000000000,1795284358,0xd543d245c3c3cdde6253b18f4421993fcdfe22a9980890d5fd4e66e546a41068,"[""0xd914dbedfed08c94f6e89e7e5a58d45c29683b6179cdfb3345232e9b9e574b8b"",""0x43704baaa3fabeac62fddb40ac8a21bdb660b3cc986abfd359997c3a600f57ef"",""0x2676d8b5a229c88f340d18dcd34912951df5ce9d0ae532033e6a57eef3acd0ba""]"
4,0x162F5A56d2e77B84F60Fc1FC263594f2f4a52481,0x33ddc51a9b9278fb18ca6262013185daa5d7c98987448381a2e802354dbbdf86,false,1,10000000000000000,1795284358,0xbbb297b3b521f276e0e1a43ea47238a48863a2de8ec0885b2861b74c8fadec9f,"[""0xcbade0ba3d90da0f6a52fef0cbb3a34c500813609ec36e4cf5b1a2a5dbf4072a"",""0x09db2f528356ed9d74d9d040d7059da491771d03483ed1a8588cb64d27b04217"",""0x2676d8b5a229c88f340d18dcd34912951df5ce9d0ae532033e6a57eef3acd0ba""]"
5,0x4EeAcCd11F7Cad123fb85178Bf9D5734F577f7cF,0xaf40cb71319679d86e387d0619239b5bf7ac5a9872f0362d255c11ad75a1adf3,false,0,10000000000000000,1795284358,0xcbade0ba3d90da0f6a52fef0cbb3a34c500813609ec36e4cf5b1a2a5dbf4072a,"[""0xbbb297b3b521f276e0e1a43ea47238a48863a2de8ec0885b2861b74c8fadec9f"",""0x09db2f528356ed9d74d9d040d7059da491771d03483ed1a8588cb64d27b04217"",""0x2676d8b5a229c88f340d18dcd34912951df5ce9d0ae532033e6a57eef3acd0ba""]"
6,0x717793315FCC8800053Cf17A7f74d4F620895613,0x9f00699039b32af802850bae941e9c5813870a902a01c5c9aacea0c0101ad656,true,1,10000000000000000,1795284358,0x47527dd569ce8753d416e4d5190e79027e883b8e1adb7658c9c601aa628bc6d2,"[""0x33f41a66bffaa153de0f7b6a6d869a268ed2ad4cfe1ea44ca4584ba73475d834"",""0xd36df055406cf3f1262736664a72f4b73ec485b5654c03349b697d178149312e"",""0xb54a2e39003efbfbca0eed23b68fba1400b9b8112b16f242b1c65014e3e20865"",""0xacef5c2942c27b2bf636bcecc54f4d3a31e8c943850d6ad420d5f43bb6f6e8d7""]"
7,0x17fA7AEDBd3A0f0E365c7faa0Dc00B2dDb20aaF3,0xc69c87d3c19f8c54e5a843810f9b0038f4c043ab0baceac3697d792b270362a8,true,1,10000000000000000,1795284358,0xf368d5a0abad5c70a9b4067747f97b8d4ec08382088468ab98bab88f4f9e92d2,"[""0xfd15155b4084138362911431543bc922aa7c7cbcbf91bdc7356575e4afabad01"",""0x1fc045c549774ab7c937facaa2dad02449cbde318e86650bc3c8934eec2fcbf9"",""0xacef5c2942c27b2bf636bcecc54f4d3a31e8c943850d6ad420d5f43bb6f6e8d7""]"
8,0xC30372Ec0c79bd1ad9663584B16353E2dC9c8Ba6,0xd8a246d52e3b191a6ea3da04ac9d65d2bfec51eb08e56d153527f5867732300c,false,1,10000000000000000,1795284358,0xd914dbedfed08c94f6e89e7e5a58d45c29683b6179cdfb3345232e9b9e574b8b,"[""0xd543d245c3c3cdde6253b18f4421993fcdfe22a9980890d5fd4e66e546a41068"",""0x43704baaa3fabeac62fddb40ac8a21bdb660b3cc986abfd359997c3a600f57ef"",""0x2676d8b5a229c88f340d18dcd34912951df5ce9d0ae532033e6a57eef3acd0ba""]"
9,0xA987D87424025254dC14e6ADa3554dB7F7c8a393,0x099b092446bee3501f66cef02af56e4d481c9ade61eb706483e2106d9710e2eb,false,0,10000000000000000,1795284358,0x7e7ccb40780c6e9b789362da7a7a6b2e15898ff229749a1a7485dbba7ad37f05,"[""0x80618c5a37c93293d5f050827c0868a5c9bed6c503fe6d45ebbc154208026ac9"",""0xb8e7c058fdd277c062aeb019e19a0996c8e180d80e94b479fe3eafd7fc0203e9"",""0xb54a2e39003efbfbca0eed23b68fba1400b9b8112b16f242b1c65014e3e20865"",""0xacef5c2942c27b2bf636bcecc54f4d3a31e8c943850d6ad420d5f43bb6f6e8d7""]"
0,0x6aE364A7FeBbD9033Cf44d49E12b26Ee4C037f72,0x2c1187d69fef7365cb51c0158bf8bdf36c7434a13e658e9a66028259e0b1ae67,true,1,10000000000000000,1795284358,0x688c1bfbf013125f52adced9ea4764e2ff2f7a95168529aeb9a5f063121580f9,"[""0x6bc18c3dc59d085b04153f0380f66c4e8ade07baefd9bcaa4e4702aab18f5416"",""0xe8f43ca7a5f3683004a432f729175015018e3709097132b964e7817e99e3c399"",""0x30458d22bcfa58b9f6ddce7fcb00890bff3343c6697f2ef8e660fcc16c704409"",""0x3feb0c73a38ed0fcc906b4960a417a5b8e188509232f66ccd1ca1c3be309f159""]"
1,0x2E47486E6C2263a689bc798ecbF9Df18fF9b4346,0xd416d6d1fac7092957b4f8bb961cc43017005e04cd082c2fcf01200e0acb8644,true,1,10000000000000000,1795284358,0x3b7387355c367397c4ce783e98f8b614cd3d3b826cc5a3d8a2b68ce5abe8b4c9,"[""0x5e2e350519c226d5f47ebea7ac64a8debd76be1fc2eef94cc421f8a252110e34"",""0x172f66a0b68e2136bd8ef0f8c79a6ea9078c4c7f4ea0454c0441e8c82327311a"",""0x30458d22bcfa58b9f6ddce7fcb00890bff3343c6697f2ef8e660fcc16c704409"",""0x3feb0c73a38ed0fcc906b4960a417a5b8e188509232f66ccd1ca1c3be309f159""]"
2,0x3782A936Fe816dED9146D5D3f18d2b94926A212b,0xf9cbb5b07147541196e036b89e4a8e29d913652e1f473e24befe5f770866c5da,true,0,10000000000000000,1795284358,0xae46c7054b473c4ce223727d10eafdf32828760e267d339010ff47b6f91c24dd,"[""0xaa9fa6912734cd70ee3a3dd8cdb8a5e2da9b3a8d67c23289b97e58ef28e69453"",""0x86c41d1d8b175d7e7e45c56056ab9995aa56fdcd4f40d677b2442accf3df7235"",""0x51687acd872a36ffe8b715047e5f48e3663da397b6204abc6ae405ae8ab2141a""]"
3,0x1D0E666F3d4a45922dC25cCa2e705F0b3ADB3d65,0xacb5927454542bcfc0a0f7922e27ce3aa55dfbeb93a9603d496c685d9133a2fb,true,0,10000000000000000,1795284358,0xaa9fa6912734cd70ee3a3dd8cdb8a5e2da9b3a8d67c23289b97e58ef28e69453,"[""0xae46c7054b473c4ce223727d10eafdf32828760e267d339010ff47b6f91c24dd"",""0x86c41d1d8b175d7e7e45c56056ab9995aa56fdcd4f40d677b2442accf3df7235"",""0x51687acd872a36ffe8b715047e5f48e3663da397b6204abc6ae405ae8ab2141a""]"
4,0x719507e82F4e3963b6624b9ffe38Cf4a849f6600,0x0c27bb5021af81d33f204263c068ec843eb7cde198a3a826e82ba9856f54da67,true,0,10000000000000000,1795284358,0xbfe412ef6f72dfee9718ac6db01de9a2adf54984956470b9fa0c1545daa9b9a5,"[""0xee4ec14179dd59ae3a8178c24e2cee46e717547796f95c2915909d0ceae25008"",""0xfba92ace1a31e2b395883a45460f1d761102df89c1c654fc16af88da75a8cf16"",""0x3feb0c73a38ed0fcc906b4960a417a5b8e188509232f66ccd1ca1c3be309f159""]"
5,0xD86055Cf1CaFFddE4eCC91e89070C6CD51Ac952F,0x0129afeaa1428fcd3d7155063609cd0633c726444b7bcc72f61a0269f5a416c0,false,1,10000000000000000,1795284358,0xee4ec14179dd59ae3a8178c24e2cee46e717547796f95c2915909d0ceae25008,"[""0xbfe412ef6f72dfee9718ac6db01de9a2adf54984956470b9fa0c1545daa9b9a5"",""0xfba92ace1a31e2b395883a45460f1d761102df89c1c654fc16af88da75a8cf16"",""0x3feb0c73a38ed0fcc906b4960a417a5b8e188509232f66ccd1ca1c3be309f159""]"
6,0xDBb581185B3A1Bc27BB5cBEA92D2B34B87070b34,0x21ca6e8a28ae3f495e5df9b59e614cd0bdf41f549e3bc29a79edc34dc99d2694,true,0,10000000000000000,1795284358,0xb2cb237868d378f7b0ef3d0844eff688fc565188f11941b2004ca0a51569eb38,"[""0xb9a018676ecf4aa33ea560d39c1c7fd6fef3f2e8dcf43cbb04abf42c2d5b9bf3"",""0xe08bf5d4a378e495d80dd681ffd728c9fadcd827f0677bdd61fc0a9bf9421c5e"",""0x51687acd872a36ffe8b715047e5f48e3663da397b6204abc6ae405ae8ab2141a""]"
7,0xB8d07AaD7bE2673aD5aA5C42bcBa6CdC00B01E5c,0x71c3b4c3288aca81c9b40a25fc181d36d8f10f13557121a0c62d2fc971e68ddf,false,0,10000000000000000,1795284358,0x5e2e350519c226d5f47ebea7ac64a8debd76be1fc2eef94cc421f8a252110e34,"[""0x3b7387355c367397c4ce783e98f8b614cd3d3b826cc5a3d8a2b68ce5abe8b4c9"",""0x172f66a0b68e2136bd8ef0f8c79a6ea9078c4c7f4ea0454c0441e8c82327311a"",""0x30458d22bcfa58b9f6ddce7fcb00890bff3343c6697f2ef8e660fcc16c704409"",""0x3feb0c73a38ed0fcc906b4960a417a5b8e188509232f66ccd1ca1c3be309f159""]"
8,0x2015B332913d06a368b1112140BA5E676389718F,0x9f14622dd9dcf87d6a41bee13bf38ccae421b4843d6680f2c51df76ca5360686,false,0,10000000000000000,1795284358,0x6bc18c3dc59d085b04153f0380f66c4e8ade07baefd9bcaa4e4702aab18f5416,"[""0x688c1bfbf013125f52adced9ea4764e2ff2f7a95168529aeb9a5f063121580f9"",""0xe8f43ca7a5f3683004a432f729175015018e3709097132b964e7817e99e3c399"",""0x30458d22bcfa58b9f6ddce7fcb00890bff3343c6697f2ef8e660fcc16c704409"",""0x3feb0c73a38ed0fcc906b4960a417a5b8e188509232f66ccd1ca1c3be309f159""]"
9,0x57DF3050BA20AeDa1cD76e50e6a9294EfF857295,0xd6ebcc4ea449c52de5b83a3a287b818e9ad187e27b24f3ed7e85a1702bb07efb,true,1,10000000000000000,1795284358,0xb9a018676ecf4aa33ea560d39c1c7fd6fef3f2e8dcf43cbb04abf42c2d5b9bf3,"[""0xb2cb237868d378f7b0ef3d0844eff688fc565188f11941b2004ca0a51569eb38"",""0xe08bf5d4a378e495d80dd681ffd728c9fadcd827f0677bdd61fc0a9bf9421c5e"",""0x51687acd872a36ffe8b715047e5f48e3663da397b6204abc6ae405ae8ab2141a""]"
0,0x92eED73B561bD83C3709C253D1c685282a9fD9f4,0x0c15b71ea0f43a44b2d2b4dfa6aa5fd2b6bace9c8c784980670128f3018647dc,false,1,10000000000000000,1795284358,0x03d18ca0992f61497959e12ee0c11b57ebff60b2c179711079e98d19f02d9d17,"[""0x1aad2f075aad77d9d4b85c932af0ec64954b4df25e3ab63eae6c0edd89f09418"",""0x924816257caa304757fac5d55d50883ab240d5be42a72d313a017477d606bc93"",""0x571f819c5a7ba0811bcd3bd7d8ee385ff4dd00bed5a82f56fb15499462f690b0"",""0xac37d013cf45e7d7c7004f67469521f719d89c94892dd61276099f02ddf9836b""]"
1,0x7658f961951c848144F85347A59b24720eA6bE47,0x22f2de9bfd84e4fab721553f69204874cf64c8470a52e7d9269e26d24e9795be,false,1,10000000000000000,1795284358,0xaa9484f2c58ecbd140139da781f0a914de6fd4ec2a97b6e534f71ffd0709aceb,"[""0x785e98acbd9a03512c800e281abd78977155f7580a5598b6674dcd29bfb85ada"",""0xdcac8581fbd96fadd00a729c0c7c4e9308c2e6766d442fdb0d10c3d4dc82721b"",""0xccd4095c6253da99bc70e185a8030f1f47ffbc5da472a8073dba02c1375a6f53""]"
2,0x5c460d94f52151b61C262Cd342a0024953F30C55,0xb1c964ee53b96e9f65da736e871bd3d4933a008db01b6f83d0fadb34033fed83,true,0,10000000000000000,1795284358,0x1aad2f075aad77d9d4b85c932af0ec64954b4df25e3ab63eae6c0edd89f09418,"[""0x03d18ca0992f61497959e12ee0c11b57ebff60b2c179711079e98d19f02d9d17"",""0x924816257caa304757fac5d55d50883ab240d5be42a72d313a017477d606bc93"",""0x571f819c5a7ba0811bcd3bd7d8ee385ff4dd00bed5a82f56fb15499462f690b0"",""0xac37d013cf45e7d7c7004f67469521f719d89c94892dd61276099f02ddf9836b""]"
3,0x9cdDA28b978c6B2077B54450d157cfc59FF5039B,0xe5952d3e2a0d778710caab032fe4e46c093c001fe43f7af0ac8c7bb6b74b445c,false,0,10000000000000000,1795284358,0x1ee08782a18338e4bdb94ca4081940510ad1323f44b259215f4f8804d26e7e0c,"[""0x4f4879dfbff9d6801448275c732c48ffbb23277283abe694eb6e58c48735f86b"",""0x77b778766f39db6541cd46057580f89657c67ebcea6b0b31d5aeab37db3590cb"",""0x571f819c5a7ba0811bcd3bd7d8ee385ff4dd00bed5a82f56fb15499462f690b0"",""0xac37d013cf45e7d7c7004f67469521f719d89c94892dd61276099f02ddf9836b""]"
4,0xD277B2aE714A0d7d00d01b97d5252ceCb8dA6056,0xa63ad1d0ec0bb2ab4197f50432859412ff7195ad9a5af2a38e41aaac63c95515,true,0,10000000000000000,1795284358,0x785e98acbd9a03512c800e281abd78977155f7580a5598b6674dcd29bfb85ada,"[""0xaa9484f2c58ecbd140139da781f0a914de6fd4ec2a97b6e534f71ffd0709aceb"",""0xdcac8581fbd96fadd00a729c0c7c4e9308c2e6766d442fdb0d10c3d4dc82721b"",""0xccd4095c6253da99bc70e185a8030f1f47ffbc5da472a8073dba02c1375a6f53""]"
5,0x8800bFDbad2D71F8f9bD92B4D476D9AaEF07b104,0x105283335612af25cc6e9e891e1770df462450d25028596d7c3273a62fabc345,false,0,10000000000000000,1795284358,0xf1cf0362c68b125102c7bd1c08a7d04c13383cddaeeaea6d0e9b52ceffcb242d,"[""0xe033507bf90bcd9a96977a332ff0aa5341c913aad557a596a13a5e27011e59ca"",""0x3b55862e6b45a84277bbcda597aec01d413effa3c581c257d8067bb0a5f2f90f"",""0xac37d013cf45e7d7c7004f67469521f719d89c94892dd61276099f02ddf9836b""]"
6,0xFfF3d661fDe80Ae247088955CC526799984379b5,0x9d55023b35c18d112507fa85c5dad290df1dbae88d734d2e9c68142d47df1a8b,true,1,10000000000000000,1795284358,0x4f4879dfbff9d6801448275c732c48ffbb23277283abe694eb6e58c48735f86b,"[""0x1ee08782a18338e4bdb94ca4081940510ad1323f44b259215f4f8804d26e7e0c"",""0x77b778766f39db6541cd46057580f89657c67ebcea6b0b31d5aeab37db3590cb"",""0x571f819c5a7ba0811bcd3bd7d8ee385ff4dd00bed5a82f56fb15499462f690b0"",""0xac37d013cf45e7d7c7004f67469521f719d89c94892dd61276099f02ddf9836b""]"
7,0x78D162722d0Aa59C73Ba2Cf167fb1ADAf8646D9d,0xb6bc3614d13a27bc5b238b88c5f62743853872b2b3f078938cb872d27786fdc5,false,1,10000000000000000,1795284358,0xd87a3d4f04538a14b6474ff411b603fcf153c5dc826e4fb7f631de2951a7d4ed,"[""0xdabe69f392292ef8f101969f07d25364ce1589d70eb652f61ed51bb7e2f3c203"",""0x0ccae5de199b7647a7e6cdff1787ff9626a889e104519fec49c0fa9f4efaa11a"",""0xccd4095c6253da99bc70e185a8030f1f47ffbc5da472a8073dba02c1375a6f53""]"
8,0x393D693A26772a0B122805Ed60718d626F6B6fE2,0x9062ed199e41330f04415f1f8befadef5fd44db38f7e1292f2dd051454bda369,false,1,10000000000000000,1795284358,0xdabe69f392292ef8f101969f07d25364ce1589d70eb652f61ed51bb7e2f3c203,"[""0xd87a3d4f04538a14b6474ff411b603fcf153c5dc826e4fb7f631de2951a7d4ed"",""0x0ccae5de199b7647a7e6cdff1787ff9626a889e104519fec49c0fa9f4efaa11a"",""0xccd4095c6253da99bc70e185a8030f1f47ffbc5da472a8073dba02c1375a6f53""]"
9,0x2d8aC2ea1eb771A72E4E915430A5Bf8EAdbed6F0,0xc5a583fc096c55b2d1e497f704379f1fa5e6cbe7e1f1569cb48069e12002cf39,false,1,10000000000000000,1795284358,0xe033507bf90bcd9a96977a332ff0aa5341c913aad557a596a13a5e27011e59ca,"[""0xf1cf0362c68b125102c7bd1c08a7d04c13383cddaeeaea6d0e9b52ceffcb242d"",""0x3b55862e6b45a84277bbcda597aec01d413effa3c581c257d8067bb0a5f2f90f"",""0xac37d013cf45e7d7c7004f67469521f719d89c94892dd61276099f02ddf9836b""]"
0,0x1a84199964Ad5F4d3c19a262DD7E57ff041ef6F1,0xa0ef0230068f3af14c98faa8cc06ac16b826e85d47475a60a6453e1065516ca1,true,0,10000000000000000,1795284358,0x08adcbcf5939fe625fe743c2e803fbcf066a593dddd402e364fdb51fe81cbe4a,"[""0x267d54d38d4b3830079e4c63dd3b57dd13acd6c9cd680b001da6bfedefa5e97e"",""0xca7d660db904910c502960cb66f922d05628fc14111fe6542b5b88ff542bd3b4"",""0x2ff23b856bc05b222c60523e3082570eac473733c651addc7b52810a9eee9169"",""0xaf420e625ca19eebaa5ea0fe85ed33389e3c7fbdffd88015e62300dfb0b15492""]"
1,0xB09A9bAbd5df79e80154AC0d6D560f484ff6808e,0x1bbfb9d377bc56173e13a36f7ecd756808f6918d8b117a5cfa41be3cefc6ad86,false,0,10000000000000000,1795284358,0x3b12d00a7151e1c43784b9a1fa1797c33c4183eb2071f7d783cae656e27ea992,"[""0x8c955964b36aa99e0b0732493d94836237028dc8d721ef772b0cd40343b4aff6"",""0xf958751d342e5e1fcc32eb3f311d9cb15963a492ffba417462879e679125504d"",""0xa6d75ef1cf7e5fe9ffc766c74776a4f41061461289d28da8ed41ae407b609819""]"
2,0x77523ED39d457c0c5001AD80d77E690c51552a0F,0xf8415489775de225537c3c96edce57a29b69f00a0a2d0e656cf5632baa46da23,true,0,10000000000000000,1795284358,0x01b7142c07f5cee98e347429a9b1420ef2ceca288b7491eff9a3979c9c011c0a,"[""0x024ba8559cad3dec61237cca75fddb6613d3926818983faad03153da0699e0c0"",""0x3d4e13467a60751986f6e01e44e6570f10454c0b778a5f390c780f0edcacb588"",""0x2ff23b856bc05b222c60523e3082570eac473733c651addc7b52810a9eee9169"",""0xaf420e625ca19eebaa5ea0fe85ed33389e3c7fbdffd88015e62300dfb0b15492""]"
3,0x0dD356211c99a6Bef1AE06786aa14a1Eb9c08E57,0x5335d6a0205caa8c89aea3f2c1a2471435bb8176bce829d7e10beda6d57ea081,false,0,10000000000000000,1795284358,0x024ba8559cad3dec61237cca75fddb6613d3926818983faad03153da0699e0c0,"[""0x01b7142c07f5cee98e347429a9b1420ef2ceca288b7491eff9a3979c9c011c0a"",""0x3d4e13467a60751986f6e01e44e6570f10454c0b778a5f390c780f0edcacb588"",""0x2ff23b856bc05b222c60523e3082570eac473733c651addc7b52810a9eee9169"",""0xaf420e625ca19eebaa5ea0fe85ed33389e3c7fbdffd88015e62300dfb0b15492""]"
4,0xD0712E1B198672B69d437344085945D9920E5814,0xd5a400a93df4e85d20d67e2ccf510d97d8774e209749c8d15f0d7a17c9d9115d,false,1,10000000000000000,1795284358,0xfba5ae018d51ffd652464d19e7d3a23f827b944247346191dc32631009f4c723,"[""0xf64e4fc7c166e13bb3ada5a19787c345565a93d2838de19ab4305c3e80caac79"",""0xe0616ca8dd4bc9b6edbe41c0385bad7901866d2ce4ac7b5bf393b2a3ab3da551"",""0xaf420e625ca19eebaa5ea0fe85ed33389e3c7fbdffd88015e62300dfb0b15492""]"
5,0x6a68291da12055cC255950Fb956dE9Bf4F60359E,0x8030d8eaa69cad69c93413f86d21a8066ece8d5fdd976120b2c072f4e8fc11ff,true,0,10000000000000000,1795284358,0x8c955964b36aa99e0b0732493d94836237028dc8d721ef772b0cd40343b4aff6,"[""0x3b12d00a7151e1c43784b9a1fa1797c33c4183eb2071f7d783cae656e27ea992"",""0xf958751d342e5e1fcc32eb3f311d9cb15963a492ffba417462879e679125504d"",""0xa6d75ef1cf7e5fe9ffc766c74776a4f41061461289d28da8ed41ae407b609819""]"
6,0x0d7F7ed45e53ee7b047878B79eBceD9cD5770e63,0x56f307da46c01de229821dac1a229e096d7643126f43a242911eff8ecfdd995c,true,1,10000000000000000,1795284358,0xf64e4fc7c166e13bb3ada5a19787c345565a93d2838de19ab4305c3e80caac79,"[""0xfba5ae018d51ffd652464d19e7d3a23f827b944247346191dc32631009f4c723"",""0xe0616ca8dd4bc9b6edbe41c0385bad7901866d2ce4ac7b5bf393b2a3ab3da551"",""0xaf420e625ca19eebaa5ea0fe85ed33389e3c7fbdffd88015e62300dfb0b15492""]"
7,0xeA52140f7AaFd494D06410478B843a3996069Bf5,0xb646b864f73ae16ade00e9264084ca0680b8b78cda5b322dfdda5787f8f2b2f1,false,0,10000000000000000,1795284358,0xdbd33dacc8ab52882f8968c4fa61048966f158aeb6f0ccebf3135820a801dbc4,"[""0x98821976227ec0b3f475f44e88c6ea34c6b81d62b72e8ea0901b1fa71d8958ed"",""0x3202a1a75acb7417edef2fdf6c617cb31ea9ef5afc6cf9173178ee5fa280edab"",""0xa6d75ef1cf7e5fe9ffc766c74776a4f41061461289d28da8ed41ae407b609819""]"
8,0xb09E9EBA9760076e4790bA799B83AE347ad8d1Fa,0xf2fa4ad62b75af5390ed514acd1b4b05559a1043e1c7d12b6fe957fea36b6e81,false,0,10000000000000000,1795284358,0x98821976227ec0b3f475f44e88c6ea34c6b81d62b72e8ea0901b1fa71d8958ed,"[""0xdbd33dacc8ab52882f8968c4fa61048966f158aeb6f0ccebf3135820a801dbc4"",""0x3202a1a75acb7417edef2fdf6c617cb31ea9ef5afc6cf9173178ee5fa280edab"",""0xa6d75ef1cf7e5fe9ffc766c74776a4f41061461289d28da8ed41ae407b609819""]"
9,0x99bc71b6d872ca3Ae2B33692DF2881AbE8c75D4a,0x528527cac9b686ff4cf6cb80c16eca8bd88c16b6fa496fd478ed06c835289e7e,true,1,10000000000000000,1795284358,0x267d54d38d4b3830079e4c63dd3b57dd13acd6c9cd680b001da6bfedefa5e97e,"[""0x08adcbcf5939fe625fe743c2e803fbcf066a593dddd402e364fdb51fe81cbe4a"",""0xca7d660db904910c502960cb66f922d05628fc14111fe6542b5b88ff542bd3b4"",""0x2ff23b856bc05b222c60523e3082570eac473733c651addc7b52810a9eee9169"",""0xaf420e625ca19eebaa5ea0fe85ed33389e3c7fbdffd88015e62300dfb0b15492""]"
0,0xfF5Af4BfD738E77e51F0Bf6707F4040820c11400,0x2cfbd7b011b198f32fe88b74d2296f078587c323f16d67a4481e1e10fc7e98d4,false,0,10000000000000000,1795284358,0x60606005118f12bfc503d2b031c859c831ddb7bd9358d81feb1bb391303dbfca,"[""0x2b9e6ee8ab1c7b695af96e2b0262bcd84667c946f2712401b65520760c3a1747"",""0xfdd9193751412e674ee2269fc57dc69a6af216423a75f57d6a4cf388d395d78c"",""0x6991feca55c59cc3e1369f9eb0c6d1dc24e41d617990789275295d19de30d584"",""0x9098002980efd927a082275b45d615070f38c1af826590c5b03eb72a0bfa43ec""]"
1,0x129D49930Af83211804b97D43EdAe52e470830af,0xc96dcd33f04d6ae7a914b9f82e2013a26c8c60bf96268f7cd99a3044f15bc252,true,0,10000000000000000,1795284358,0x2b9e6ee8ab1c7b695af96e2b0262bcd84667c946f2712401b65520760c3a1747,"[""0x60606005118f12bfc503d2b031c859c831ddb7bd9358d81feb1bb391303dbfca"",""0xfdd9193751412e674ee2269fc57dc69a6af216423a75f57d6a4cf388d395d78c"",""0x6991feca55c59cc3e1369f9eb0c6d1dc24e41d617990789275295d19de30d584"",""0x9098002980efd927a082275b45d615070f38c1af826590c5b03eb72a0bfa43ec""]"
2,0x91d187ea380929372226a7e73E9253F1C3166D2F,0x6999abc92b791706d0c8673b5fa8398008057c47dd3730009c7b5aeb062fd4ad,false,1,10000000000000000,1795284358,0x74b1ae89f8c71eb9d123e68feee8ff96fd4816240507661270c4df4d056eb891,"[""0x6d3b6eee2e004cff30312d138c405e1d76b137628085e5c1f479c573f8177bfe"",""0x91f2c8e8bd181478ec58c2b14fd764aad213f0880e6d10b2f06facd81842f675"",""0xeb5c743ea9b332599a703bccf3a84f9d80de3aa030ff3387d92ee3b97ca7a72a""]"
3,0x0AD4F54fd547858591f2616788a6B5464760901b,0xbcaa2fdfa38473c41fc3a5c70b6658cc59dae83c2c97dbc76c3d88fe3c0eb03f,false,0,10000000000000000,1795284358,0x1d1f02b779fe4594e141a2548e51f4ea0d8e8a2e16610aa105b1e299fc80ddce,"[""0x1c814865aac72bc37c6bf904dbfd1d972c0fc4b4a4209a2679a116f5f456e430"",""0x233802b8bc7b673a67ce43af72ddb46924e7cb9645a1eae6826a57c90ee70956"",""0x6991feca55c59cc3e1369f9eb0c6d1dc24e41d617990789275295d19de30d584"",""0x9098002980efd927a082275b45d615070f38c1af826590c5b03eb72a0bfa43ec""]"
4,0x08612b13bc45DdFfa2B8ECbE0aC4829479d133a0,0x28d6add0addf5dd7fd852ab29224f019433aed2cda787bc0dda3cfc3da5cae7a,false,1,10000000000000000,1795284358,0xad8d356382fc7495a39be24814578140dd7d0628fca06c925aa642fd0aa1741c,"[""0xc6e18179e69c06d60e0e1a286209fd652cc148c39e0f016665a3db1180eead0e"",""0x2e85c83506586f43ee2f5677f71810853cf2168f8f8918f583d8f3afa98e38aa"",""0x9098002980efd927a082275b45d615070f38c1af826590c5b03eb72a0bfa43ec""]"
5,0x767864dF5253Dea450265D18eA0A6a550B5a91bf,0x4f1ea81df539bf85ffb5b2ca14e7b99c85991aacc6e310d465fe912895f76439,false,1,10000000000000000,1795284358,0x82340b4f6c0cf9ce8e994cae92e93ae9ebbeace40864ebd954daa1d43ab950c1,"[""0xaa6a1e25368ef4fb417e1ada75a0b045638afda7a02d3f0ad404255488cb2c15"",""0x675bbb1023a020ff310a5edd7b6daabef431af44959d49d9819a4f1785db30cd"",""0xeb5c743ea9b332599a703bccf3a84f9d80de3aa030ff3387d92ee3b97ca7a72a""]"
6,0xb2966D506A0D8Df9d341fB2aE384166875Cbfdb7,0x699b0d3b3b96962f71e743144f7a9277eeab3e2ebcc485b1ea608771a278330a,false,0,10000000000000000,1795284358,0x6d3b6eee2e004cff30312d138c405e1d76b137628085e5c1f479c573f8177bfe,"[""0x74b1ae89f8c71eb9d123e68feee8ff96fd4816240507661270c4df4d056eb891"",""0x91f2c8e8bd181478ec58c2b14fd764aad213f0880e6d10b2f06facd81842f675"",""0xeb5c743ea9b332599a703bccf3a84f9d80de3aa030ff3387d92ee3b97ca7a72a""]"
7,0xF6d09A22D1E6dd4022aca01Cd8366BedFc652b66,0xdbe28a945f7a484ffa71f68a7380fd4bc39d7ecb2f668491eb8f5a1d284ef616,true,0,10000000000000000,1795284358,0xaa6a1e25368ef4fb417e1ada75a0b045638afda7a02d3f0ad404255488cb2c15,"[""0x82340b4f6c0cf9ce8e994cae92e93ae9ebbeace40864ebd954daa1d43ab950c1"",""0x675bbb1023a020ff310a5edd7b6daabef431af44959d49d9819a4f1785db30cd"",""0xeb5c743ea9b332599a703bccf3a84f9d80de3aa030ff3387d92ee3b97ca7a72a""]"
8,0xeE22e367d64919AB1754B8282e4D72B5C071aE5b,0xb7fde1aef2da58490127171644419721a908a8ca0b2d47c25241827266e30571,true,0,10000000000000000,1795284358,0xc6e18179e69c06d60e0e1a286209fd652cc148c39e0f016665a3db1180eead0e,"[""0xad8d356382fc7495a39be24814578140dd7d0628fca06c925aa642fd0aa1741c"",""0x2e85c83506586f43ee2f5677f71810853cf2168f8f8918f583d8f3afa98e38aa"",""0x9098002980efd927a082275b45d615070f38c1af826590c5b03eb72a0bfa43ec""]"
9,0xE9D6AA62ADFFe7DBbebF91Ddc2C77958B2F910f1,0x85f348bc17ef0e7d67dc7d5a9208a92d0e201837825a1d55ae808006c25179fe,true,0,10000000000000000,1795284358,0x1c814865aac72bc37c6bf904dbfd1d972c0fc4b4a4209a2679a116f5f456e430,"[""0x1d1f02b779fe4594e141a2548e51f4ea0d8e8a2e16610aa105b1e299fc80ddce"",""0x233802b8bc7b673a67ce43af72ddb46924e7cb9645a1eae6826a57c90ee70956"",""0x6991feca55c59cc3e1369f9eb0c6d1dc24e41d617990789275295d19de30d584"",""0x9098002980efd927a082275b45d615070f38c1af826590c5b03eb72a0bfa43ec""]"
0,0x00d8bD07Fa90f8D68e16BE51A25148F9D2059913,0xd0f96d09571344e2b7779c6ac78bb38b871f72f8bab010d8b955c4d51d61a51a,true,1,10000000000000000,1795284358,0x48996e05a327b663d85914e63af90c096c8f697dad11fd7e747dfc6b2f51504e,"[""0x42f29b98986a2e9450657661221bb17d6506fa5d5bfa0e1792ebbf813cf23b2f"",""0x2cfef6b5ee2b137d7419543bf8e3dcfc5ab55b8cf593ce230f81c43ba999e734"",""0xe61c8776ba34cb90ab10c08eadba578a4770754e04a5696bc873d2655b3e2d81"",""0x53a6319d411f57380f644040c74e1745da5099de703f316e2efe2d867390fd07""]"
1,0x874cDD5aFa94f3800B70FDa9D35CF9186caB57B8,0xfa6955948ec62b2e1c092edfbbb92718d03ed04949415878a64c0a5c944f3456,true,0,10000000000000000,1795284358,0xee8675afce227b69c72602f656adbb0c4a3719201a4fb2424b36a7a1463519c7,"[""0xbdf7824a705c8b2e660799bc38ee840650c2c3b3b01e5916612de3f9e44a08ce"",""0xde813850d3b7d863a0b864ec314645f678296c318aa7eda1045241baaa88a84c"",""0x53a6319d411f57380f644040c74e1745da5099de703f316e2efe2d867390fd07""]"
2,0x940d3aC612E031BDb1C3F107a3E6B4994d378a40,0x8d6b3a9a1c2ca9832c9652cf1ea0e77f3cbac94cda62f09a1543235442639b50,true,1,10000000000000000,1795284358,0x956933b4db4a9c1253182e6b9b745d514a419e412dbefae34ab1140789e6a5ce,"[""0x52788b27cd5918f5a661d3b410a5a32ad7a1c4917370f09d58b8a743ae8ff6de"",""0xd3dba46c7b153e4a56487a035dec445b6f9491404ab2a3ab4185dea14141ca36"",""0xcee2fe25db860b7ac3d66f087173f97af9e43e22f2aabf9dc83a75c8133baf24""]"
3,0x82cB6B8E121B656738Aa840CCD772c8E18268719,0x9281bf71ef7c56689ee398d0f748ad533e4493af02dbf34b20b247058209f523,false,0,10000000000000000,1795284358,0xbdf7824a705c8b2e660799bc38ee840650c2c3b3b01e5916612de3f9e44a08ce,"[""0xee8675afce227b69c72602f656adbb0c4a3719201a4fb2424b36a7a1463519c7"",""0xde813850d3b7d863a0b864ec314645f678296c318aa7eda1045241baaa88a84c"",""0x53a6319d411f57380f644040c74e1745da5099de703f316e2efe2d867390fd07""]"
4,0xcAE6B3D8A4F7fF300e4C5d04BBc125a9509beaec,0x1d6d3620f2a884ada9bf7c5da2a4c8d9ba3001965c3222266c9e8c7cd81eb7ba,false,0,10000000000000000,1795284358,0xbbdc62b0c02bfe148469e91513e8fa6fd3987dbfe986aca2f852e54325dcc6c5,"[""0xb9d03d8bbf2c0b980806d6f46a1a859984569129bf0e711c2062d8145c4301db"",""0xaffd7402e218c2f8239da475cc1cd3c399168c2d7b467a3a4ca17777550c5f16"",""0xcee2fe25db860b7ac3d66f087173f97af9e43e22f2aabf9dc83a75c8133baf24""]"
5,0x988C3e39b9525de4B254165C409881bA267c43e8,0x63bfda7777824477b4824cfcce0318be36e73f0d29fa5d66394325fafaf8986b,false,1,10000000000000000,1795284358,0x42f29b98986a2e9450657661221bb17d6506fa5d5bfa0e1792ebbf813cf23b2f,"[""0x48996e05a327b663d85914e63af90c096c8f697dad11fd7e747dfc6b2f51504e"",""0x2cfef6b5ee2b137d7419543bf8e3dcfc5ab55b8cf593ce230f81c43ba999e734"",""0xe61c8776ba34cb90ab10c08eadba578a4770754e04a5696bc873d2655b3e2d81"",""0x53a6319d411f57380f644040c74e1745da5099de703f316e2efe2d867390fd07""]"
6,0x9E1F6AbbfD25735bD6302562e7591f7880B2b2E7,0x7c62bad8f80193fe19496c4df227550cf51260da88d71ccffc3072e544293b7c,true,0,10000000000000000,1795284358,0x1d2662b97c47184e333d75aa41dcaf55fda73afca142b7faf1b5693f2d646ddf,"[""0x1deacc6a106bd7933161de32dee2b058837b1cca210e125ad378b5cae8a6ec48"",""0x8d72eb65c9755552ae3a671d4e1bd5c8c551d0ff53921466d35dee8d1b88196f"",""0xe61c8776ba34cb90ab10c08eadba578a4770754e04a5696bc873d2655b3e2d81"",""0x53a6319d411f57380f644040c74e1745da5099de703f316e2efe2d867390fd07""]"
7,0xfFfADD8F920Ef9DEE1BBf4D7536e6cb23B398bB5,0xf4d67133abd1783c896e7d686575177ee1be06777c903c79d9e52e1385222f37,false,0,10000000000000000,1795284358,0x1deacc6a106bd7933161de32dee2b058837b1cca210e125ad378b5cae8a6ec48,"[""0x1d2662b97c47184e333d75aa41dcaf55fda73afca142b7faf1b5693f2d646ddf"",""0x8d72eb65c9755552ae3a671d4e1bd5c8c551d0ff53921466d35dee8d1b88196f"",""0xe61c8776ba34cb90ab10c08eadba578a4770754e04a5696bc873d2655b3e2d81"",""0x53a6319d411f57380f644040c74e1745da5099de703f316e2efe2d867390fd07""]"
8,0x6A7c7DCe8762E0d74b6DD1aBf4e2E7A3870a8D55,0x7eee412f2e214a7691a8b9974f0d91340d3eacd49056d3aab2a437af6b3e79a1,true,1,10000000000000000,1795284358,0xb9d03d8bbf2c0b980806d6f46a1a859984569129bf0e711c2062d8145c4301db,"[""0xbbdc62b0c02bfe148469e91513e8fa6fd3987dbfe986aca2f852e54325dcc6c5"",""0xaffd7402e218c2f8239da475cc1cd3c399168c2d7b467a3a4ca17777550c5f16"",""0xcee2fe25db860b7ac3d66f087173f97af9e43e22f2aabf9dc83a75c8133baf24""]"
9,0x02438151DE430B32d3AAD3bFAec56130e2632632,0x05aff3aef0db742351a0bbfde69809ab638ff8992aeea4edc763aa2002dcf8ea,false,0,10000000000000000,1795284358,0x52788b27cd5918f5a661d3b410a5a32ad7a1c4917370f09d58b8a743ae8ff6de,"[""0x956933b4db4a9c1253182e6b9b745d514a419e412dbefae34ab1140789e6a5ce"",""0xd3dba46c7b153e4a56487a035dec445b6f9491404ab2a3ab4185dea14141ca36"",""0xcee2fe25db860b7ac3d66f087173f97af9e43e22f2aabf9dc83a75c8133baf24""]"
0,0xF97fe59aBF2E238EaB808A5C8Fc6b86785977B6A,0x8c3964987d4628e7ce6067ed69015a53437ecab38de9461f40bf5925eefa04eb,true,1,10000000000000000,1795284358,0xb52b237e74086112deb03e902e813b8178d92302803e62484d8e9bcafc5c43f0,"[""0xbe63ab6eb366ef5fe7a9acd2e4e8cea07d1e7a127f5aec52749395141bc31646"",""0x878cf5beef687152f650d31b081e2a9725c90be6c604b6cb0eff8d2434d2da22"",""0xf8569bfbae2b0ca69be0288a2b2033b469d6f8dd83e6ec794dfd8aef1ec2c351""]"
1,0x860D67ccee6C70B1cf09394Cec9B7383a79a05B5,0x9883373137426a4b5aaeee472a3551e6b4e2aeba27e62652111ef30804798dd2,false,0,10000000000000000,1795284358,0xbe63ab6eb366ef5fe7a9acd2e4e8cea07d1e7a127f5aec52749395141bc31646,"[""0xb52b237e74086112deb03e902e813b8178d92302803e62484d8e9bcafc5c43f0"",""0x878cf5beef687152f650d31b081e2a9725c90be6c604b6cb0eff8d2434d2da22"",""0xf8569bfbae2b0ca69be0288a2b2033b469d6f8dd83e6ec794dfd8aef1ec2c351""]"
2,0x93d4F240536891ad426892Ea96Ca47D7aEe8B8d4,0xfd48312a7bf09eec4af5f46d93b07edf69d1ba27aa0a4015941baf8b00da46e8,false,1,10000000000000000,1795284358,0x474547282986b0b8ed965ea4fdc4e1e9d4dc1955e50743f2e994a217d8dbf93a,"[""0x0fcea6e43cd1cf318ce63e5f25616bbb50d1d553cf9b99dffbec3441a030d5b8"",""0xe4863155d767862d33c255e33c803f81126a294534e1c49abc882d970710c3cf"",""0x814f711112a968d55cd70fbe636297504683e4747b1678926a15f45010270b3e"",""0xb397c37bf2c3f27395d385faae4398ecade11940891e0b572485b4a85266756c""]"
3,0x0B9f861d3dB327df35e71194ECB61725A49D5521,0x5aa626900bb4be0405df49b021bf922d94f5b2bdfd8b2d4736cf075d6f6dd9f9,false,1,10000000000000000,1795284358,0x0fcea6e43cd1cf318ce63e5f25616bbb50d1d553cf9b99dffbec3441a030d5b8,"[""0x474547282986b0b8ed965ea4fdc4e1e9d4dc1955e50743f2e994a217d8dbf93a"",""0xe4863155d767862d33c255e33c803f81126a294534e1c49abc882d970710c3cf"",""0x814f711112a968d55cd70fbe636297504683e4747b1678926a15f45010270b3e"",""0xb397c37bf2c3f27395d385faae4398ecade11940891e0b572485b4a85266756c""]"
4,0x76e6Bcf155d5dEC83f16f74732C0B9C83C2C8425,0x4e5ead219dad6ca068a951fe9b6d4bb4baaea471193d691683fb48ab044a7792,false,1,10000000000000000,1795284358,0xd8b66533fcfafc81f759f7598e4df4f9b44f739ba33c7b02b5bf9ac614094759,"[""0xca94d594b5b200e783a29c28ca1f2fb869d0f221792b5a99e4caba3c54ff18a2"",""0x9f0f67e789b6e57b5b7c616b360d30a71ea9b7dc4536e2029ad624a1410cc65a"",""0xb397c37bf2c3f27395d385faae4398ecade11940891e0b572485b4a85266756c""]"
5,0xc5b0800afAeB0aA27328801211e90b0be60840b9,0x991ef12d1101c201fc5a8b2b36f45453e6e155998bab3e996eb6340eb257b929,false,1,10000000000000000,1795284358,0x4e0ab1589249621a1ba970096a6062ab150d7d252daae07094f471e0a701bac1,"[""0x59f10d610db970eda93462799b8dd07caaf5a5076989f93108970ff3f9f799cf"",""0xab7abdfc552a077d3530050ac5569973464b1dba3ec7382517ee058f0efacb12"",""0x814f711112a968d55cd70fbe636297504683e4747b1678926a15f45010270b3e"",""0xb397c37bf2c3f27395d385faae4398ecade11940891e0b572485b4a85266756c""]"
6,0x2134f969F987cC7c6bE55cF6e3002fE17bb92823,0xb56368310bf5acec6e1d1c0390ff721c3c1d4678cf415aa6bcf339a4f83756d5,true,1,10000000000000000,1795284358,0xca94d594b5b200e783a29c28ca1f2fb869d0f221792b5a99e4caba3c54ff18a2,"[""0xd8b66533fcfafc81f759f7598e4df4f9b44f739ba33c7b02b5bf9ac614094759"",""0x9f0f67e789b6e57b5b7c616b360d30a71ea9b7dc4536e2029ad624a1410cc65a"",""0xb397c37bf2c3f27395d385faae4398ecade11940891e0b572485b4a85266756c""]"
7,0x67e3C3619f305D4c4a91dD6500a489C485dFC81d,0x54f4de74a36d6ec9e26dbbd8d8ce854bc9b904183662eb10fdaa042ac2dca319,false,1,10000000000000000,1795284358,0xaa100248af5dcd77b2a4a4ccb911c513f8b0e0185b7095c7698c1d8898809d92,"[""0xaf856d7b258fbeaa4f1e07635d2a0a878ab8f2bd64f57f09c6496916c94279da"",""0xe8ddbff9d0ff768e6518d00b2c4f4c9a27c24fae8f349614f08330cf294623a9"",""0xf8569bfbae2b0ca69be0288a2b2033b469d6f8dd83e6ec794dfd8aef1ec2c351""]"
8,0x6baF2B825C7066151F37F80C80B5F0dAeC37cfba,0x26366179f8c8abdbf8bcb8cda82f49203197b1b8b909fc3feeef7c02a0230764,false,0,10000000000000000,1795284358,0x59f10d610db970eda93462799b8dd07caaf5a5076989f93108970ff3f9f799cf,"[""0x4e0ab1589249621a1ba970096a6062ab150d7d252daae07094f471e0a701bac1"",""0xab7abdfc552a077d3530050ac5569973464b1dba3ec7382517ee058f0efacb12"",""0x814f711112a968d55cd70fbe636297504683e4747b1678926a15f45010270b3e"",""0xb397c37bf2c3f27395d385faae4398ecade11940891e0b572485b4a85266756c""]"
9,0x6B9061E985e07aB1A594780d0bf423Cf60508841,0x111daab79228c92a3831085ce8d1ebc88b4743722f44c75fa2c0b0095192052e,true,0,10000000000000000,1795284358,0xaf856d7b258fbeaa4f1e07635d2a0a878ab8f2bd64f57f09c6496916c94279da,"[""0xaa100248af5dcd77b2a4a4ccb911c513f8b0e0185b7095c7698c1d8898809d92"",""0xe8ddbff9d0ff768e6518d00b2c4f4c9a27c24fae8f349614f08330cf294623a9"",""0xf8569bfbae2b0ca69be0288a2b2033b469d6f8dd83e6ec794dfd8aef1ec2c351""]"
0,0x5f4eB96614cd7E5928F8a247aAc4ac7b3a33E299,0xb63f43ffe4048acfd6566a7041530d2ebbe18b27e8a6a16d577ffecff15f12d6,false,1,10000000000000000,1795284358,0xe6567197ed91a171ae25e84ef965d768b44b6f10cd88880f92d90dd196028322,"[""0xfa250fb52c9104ba12985e9785a32114c845f248d6fb79bcdb1a3b33256f36f0"",""0xa350c440eec9f90fd1cdbc3413a4f7cf229eb4b31c044b4b172682237d8cd265"",""0xd1970e7474ca0194815216df65b10c3981833a03cec4d1f67c0469a266474648""]"
1,0x5064fbf7DCB414eb8Faa23e76241407869a61030,0xae2187a89c14e2f75064da8d0314f83f6bea7a4fa4e9a3dbc396de309a162c66,true,1,10000000000000000,1795284358,0x703ed522c65bb0fccd5c3d2cbe2da270a008ae3329e950127b5d884fa938736e,"[""0x6ebd5234ff3f4e067838ce64974c4e0e4bd8ff27f619f7712b321a6982a1363b"",""0x2e314492c683bc46fffac743a08182b66c030994de1909f4ad4494c5137a7a33"",""0x1a0829d93b217bb0abc913c27bc1b9296b37ecd8cf890398a852f0cb465cdba5"",""0xd1970e7474ca0194815216df65b10c3981833a03cec4d1f67c0469a266474648""]"
2,0xeF2b9c963F72b1db43A26A943FeF8233054383E1,0xfab046cbd1702c361d3210b29629e398da5c027ac7cf4f70a9c05cef8f1c348e,false,1,10000000000000000,1795284358,0x988a51846a37beea86d4c09c892cfea3165db4ae90ff883000bd967505173997,"[""0xbbbf3d9e88204856213f25f941184c4bab6457ab3b719cef49260d2200aac028"",""0x6b245e24909f7d249ff466f1da19c80feff2affee65f0463aa2f68183c9e96ee"",""0x3b9d45f81350426d52cea097f77ded7fafc83d506dd7677371ca7cad476a3517""]"
3,0x950b093Fbb497f29A1F4fB2c8B2EEB05Cff9CDcC,0x9273ed1847eb0367b9fd3fc92160e7decebf4aa1ea77d3ccd09359bbecc28c99,true,0,10000000000000000,1795284358,0x6ebd5234ff3f4e067838ce64974c4e0e4bd8ff27f619f7712b321a6982a1363b,"[""0x703ed522c65bb0fccd5c3d2cbe2da270a008ae3329e950127b5d884fa938736e"",""0x2e314492c683bc46fffac743a08182b66c030994de1909f4ad4494c5137a7a33"",""0x1a0829d93b217bb0abc913c27bc1b9296b37ecd8cf890398a852f0cb465cdba5"",""0xd1970e7474ca0194815216df65b10c3981833a03cec4d1f67c0469a266474648""]"
4,0x739Fa6Fc1DAf0a99f1f54bF7D3e4cFfF9845683E,0x5ebe3d81536b16e73d42ceb864a1c40a18c730c53172d1d1dd5dc3628a3aa236,true,0,10000000000000000,1795284358,0x672ad4a14da700f28c772590b82fb93c67d3ee225fe73eccefc656dd12ad0f49,"[""0x5d22ae4e12230e2dd4349a87259fe7681d7b4678192915cbc18943fdc39c5a00"",""0x5615dc6b2bd9d28dc5bdce750c1d10223c79488080f0c6f6c9e0573cf532d839"",""0x1a0829d93b217bb0abc913c27bc1b9296b37ecd8cf890398a852f0cb465cdba5"",""0xd1970e7474ca0194815216df65b10c3981833a03cec4d1f67c0469a266474648""]"
5,0xaea51391807fd1c4638Eb5B50C00894c2E40de7b,0x478dc6dbda43b321d1420a7d26c1a81fa3c39de0f198fd772a9d5b3c054c46fa,true,0,10000000000000000,1795284358,0xfa250fb52c9104ba12985e9785a32114c845f248d6fb79bcdb1a3b33256f36f0,"[""0xe6567197ed91a171ae25e84ef965d768b44b6f10cd88880f92d90dd196028322"",""0xa350c440eec9f90fd1cdbc3413a4f7cf229eb4b31c044b4b172682237d8cd265"",""0xd1970e7474ca0194815216df65b10c3981833a03cec4d1f67c0469a266474648""]"
6,0xb9d88ae77ac36222f9d95F5d1BB8cCDc3930c8EF,0x66acacdc45696022895962c717053bbe45d8ae3912af2730c1c08e7cde342015,false,1,10000000000000000,1795284358,0xbbbf3d9e88204856213f25f941184c4bab6457ab3b719cef49260d2200aac028,"[""0x988a51846a37beea86d4c09c892cfea3165db4ae90ff883000bd967505173997"",""0x6b245e24909f7d249ff466f1da19c80feff2affee65f0463aa2f68183c9e96ee"",""0x3b9d45f81350426d52cea097f77ded7fafc83d506dd7677371ca7cad476a3517""]"
7,0x8CC1C860Bd80427A5AbceA206EcBa8F9101d56e5,0x6e9f2ef96a1f4d4c101a14f615932dfae1ddf1a1989c3d8b28bb8fb4a55ac4d6,false,0,10000000000000000,1795284358,0x5d22ae4e12230e2dd4349a87259fe7681d7b4678192915cbc18943fdc39c5a00,"[""0x672ad4a14da700f28c772590b82fb93c67d3ee225fe73eccefc656dd12ad0f49"",""0x5615dc6b2bd9d28dc5bdce750c1d10223c79488080f0c6f6c9e0573cf532d839"",""0x1a0829d93b217bb0abc913c27bc1b9296b37ecd8cf890398a852f0cb465cdba5"",""0xd1970e7474ca0194815216df65b10c3981833a03cec4d1f67c0469a266474648""]"
8,0xc2C8f18a04DB6602bd0c22f9166f374Fa623095c,0x1e52462f75664292e0654f5d0d4661ae3dea62f715211da7da4cd4075ee95778,true,1,10000000000000000,1795284358,0xc242302c64fd7ef0650bbc46e9ffad38785521982f7a13ca44330b634e9633bf,"[""0xbf7b5280d0492c9153c60c7817843429b0f1ab2478d2551fb7d8686d0343993f"",""0x77b95646d2a6da840b15f51705dcb61ab44e205431b083d1d801ef47045704f5"",""0x3b9d45f81350426d52cea097f77ded7fafc83d506dd7677371ca7cad476a3517""]"
9,0xe3ABC13068488ee8c032228c733f70B1BEaDc459,0x5c43d2afddb9f3c90fbeaf05ef6a3addadaa035fd8abf246428bb3e20f0043bf,false,0,10000000000000000,1795284358,0xbf7b5280d0492c9153c60c7817843429b0f1ab2478d2551fb7d8686d0343993f,"[""0xc242302c64fd7ef0650bbc46e9ffad38785521982f7a13ca44330b634e9633bf"",""0x77b95646d2a6da840b15f51705dcb61ab44e205431b083d1d801ef47045704f5"",""0x3b9d45f81350426d52cea097f77ded7fafc83d506dd7677371ca7cad476a3517""]"
0,0xc5a706ae5d9e40F03414a650e7309ED97ff1e8da,0xdccd21a643ddb8a81ea46e95e618b0af5306ec1e015610703a5865bbca6a6894,false,0,10000000000000000,1795284358,0xbd3988f3e58299b3177537dc7b4413f4384edb965761acc0c48382e9b10d4e8f,"[""0x803149ae2ec9f274d83249b74c6d75bc523273808b013aa1f4f3c0c33683282b"",""0xb4b09f0782e969976def2faf414781f914f402da3b66d5f78e1c2b157a9cb3b5"",""0x8749ac85367b977571a886f6bcee417ab1cf13cc350219fe3c418c68dbe2b92f""]"
1,0xb6CdcA7175fB4Bc19E94cffc5158F52517bD8816,0xe030a370d5a9415542c33cc6e6842c69a249acf7838527d4af0469e075999aa9,false,1,10000000000000000,1795284358,0x303d0c011f63ff310e51de28ab6dcaa6e32847a26ac4ce586d3ffc374ab3f4c5,"[""0x449b06101c8d925db7e29f33894c2bd44d72735bc3ceae9a3c3b036fb5bc2614"",""0x97f0ffb3185f57331b203f09fb41d2c25ea862d5849e3d6a594b79fcabe5f222"",""0x3084d8c0dd331abe1077344445ea7dcfb1b7df4b68e4bdb15579dee9629c18c7"",""0xa4304ff6f60876ec092c06c89f2dafb435bcaaec43f06eb605c8797763c64cad""]"
2,0x7a379D451d5d6D9aF2e238166029dC7318e8d83b,0x3546f8c5cc79fa8cbc92100762ff187e22c64b25447b0d2780670bfb78e494a0,false,0,10000000000000000,1795284358,0x449b06101c8d925db7e29f33894c2bd44d72735bc3ceae9a3c3b036fb5bc2614,"[""0x303d0c011f63ff310e51de28ab6dcaa6e32847a26ac4ce586d3ffc374ab3f4c5"",""0x97f0ffb3185f57331b203f09fb41d2c25ea862d5849e3d6a594b79fcabe5f222"",""0x3084d8c0dd331abe1077344445ea7dcfb1b7df4b68e4bdb15579dee9629c18c7"",""0xa4304ff6f60876ec092c06c89f2dafb435bcaaec43f06eb605c8797763c64cad""]"
3,0xBBe4a215cB921Bd93cDa8613A72265b589CcC2a1,0x6784588dcc9b1ac25b2d0e5d93fe5b9cd29031fd92e8c2f81fd09306318790ed,false,1,10000000000000000,1795284358,0x61488e9d12b5aab3b4f1c51051ccf89e1764dd9df2c28f874236fc4ede812c6b,"[""0x70b7c89ad088ab0588df7f22e09c72cefdacb15a78cf592c42daf2335d3d30b7"",""0x98d613e1b9ecd9545ad45e3e53d2ff30342da9ff14e358899617ba82b4332c6f"",""0x8749ac85367b977571a886f6bcee417ab1cf13cc350219fe3c418c68dbe2b92f""]"
4,0x0e30c15893F58D234748dBc591CD05d69E44F73B,0x1480608e955b344f5f8c6796a88da80dddbf845280fb11098589bf566a27fea0,false,0,10000000000000000,1795284358,0x06b9ae5f2ebd2d4d7a26ff7843a516bb2153610723140083be4a753ce7fc24b6,"[""0x16c4329f45474bcb4a25fbf442e946abbac70b729f5656052ec9dd861c3129a3"",""0xa955dc8e230e7f3c0c1a6570e6823a352826e453d81adea728974c4c44883a9d"",""0x3084d8c0dd331abe1077344445ea7dcfb1b7df4b68e4bdb15579dee9629c18c7"",""0xa4304ff6f60876ec092c06c89f2dafb435bcaaec43f06eb605c8797763c64cad""]"
5,0xA1fA504EE1ffE39C5A5A5BF37D20a7B104559fa5,0xd2bbc93c87d09ca8e416f0a25bd76f9ceaf5eb394ffb7500aec7e11dd57bb026,true,0,10000000000000000,1795284358,0xdc68eccc99e32b0e2ba2882571d210396bc845a06e6ff60679e05fc79655c5bd,"[""0xd3d85d03b6c4566439da688facaf5f0673e7e8cf1606b76bf75db475ff9897ef"",""0x1681fe16911624d9a86f460e3be7b60cf8c7aa712b56fd3ddb6be0a9cc726e0c"",""0xa4304ff6f60876ec092c06c89f2dafb435bcaaec43f06eb605c8797763c64cad""]"
6,0x8e12a548D55Ebc2eADf82109a5980B1e05745002,0x416a3eb4d28a43c58a219ebdb0f1f700ccf38e67a63f616303e7ee1fc55a6176,true,0,10000000000000000,1795284358,0x16c4329f45474bcb4a25fbf442e946abbac70b729f5656052ec9dd861c3129a3,"[""0x06b9ae5f2ebd2d4d7a26ff7843a516bb2153610723140083be4a753ce7fc24b6"",""0xa955dc8e230e7f3c0c1a6570e6823a352826e453d81adea728974c4c44883a9d"",""0x3084d8c0dd331abe1077344445ea7dcfb1b7df4b68e4bdb15579dee9629c18c7"",""0xa4304ff6f60876ec092c06c89f2dafb435bcaaec43f06eb605c8797763c64cad""]"
7,0x16fEB4646d37495726bc22a7EFC410c5d2d99bae,0xc72b087731340de28b1f29d7312321a538f552baadb6b1e786bccb141f61bf3b,false,0,10000000000000000,1795284358,0xd3d85d03b6c4566439da688facaf5f0673e7e8cf1606b76bf75db475ff9897ef,"[""0xdc68eccc99e32b0e2ba2882571d210396bc845a06e6ff60679e05fc79655c5bd"",""0x1681fe16911624d9a86f460e3be7b60cf8c7aa712b56fd3ddb6be0a9cc726e0c"",""0xa4304ff6f60876ec092c06c89f2dafb435bcaaec43f06eb605c8797763c64cad""]"
8,0xdfb7aF1253D1C69702247BBAfc0e42114DDB34CC,0xc0c13a7ad498a25cbdf89206a21f9e2344a6418d8e18c45bc5d4006f2f7cf2cf,true,1,10000000000000000,1795284358,0x70b7c89ad088ab0588df7f22e09c72cefdacb15a78cf592c42daf2335d3d30b7,"[""0x61488e9d12b5aab3b4f1c51051ccf89e1764dd9df2c28f874236fc4ede812c6b"",""0x98d613e1b9ecd9545ad45e3e53d2ff30342da9ff14e358899617ba82b4332c6f"",""0x8749ac85367b977571a886f6bcee417ab1cf13cc350219fe3c418c68dbe2b92f""]"
9,0x52df80D63022cf1dC4196548cDf2c1EcC868861a,0x4578f4c537a339b23b647855f4a30397361e4f8325efb797f4fd4c842c314723,false,1,10000000000000000,1795284358,0x803149ae2ec9f274d83249b74c6d75bc523273808b013aa1f4f3c0c33683282b,"[""0xbd3988f3e58299b3177537dc7b4413f4384edb965761acc0c48382e9b10d4e8f"",""0xb4b09f0782e969976def2faf414781f914f402da3b66d5f78e1c2b157a9cb3b5"",""0x8749ac85367b977571a886f6bcee417ab1cf13cc350219fe3c418c68dbe2b92f""]"
